1,2017-3-16 18:15:21,2017-3-16 18:48:49,0:33:28.017,4,47
2,2017-3-16 22:06:54,2017-3-16 23:13:50,1:06:56.827,4,47
3,2017-3-16 23:30:07,,,4,47
4,2017-3-16 23:42:07,2017-3-17 0:03:31,0:21:24.600,4,47
5,2017-3-17 9:59:38,2017-3-17 15:11:01,5:11:23.320,3,47
6,2017-3-17 19:05:43,2017-3-17 20:22:53,1:17:10.343,3,47
7,2017-3-17 20:26:10,2017-3-17 23:35:52,3:09:42.390,3,47
8,2017-3-18 1:07:37,2017-3-18 1:28:48,0:21:11.120,3,47
9,2017-3-18 10:00:57,2017-3-18 14:54:21,4:53:24.020,3,47
10,2017-3-18 16:31:04,2017-3-19 0:50:26,8:19:21.073,3,47
11,2017-3-19 7:45:45,2017-3-19 16:29:24,8:43:39.453,3,47
12,2017-3-19 19:39:28,2017-3-19 20:27:04,0:47:35.390,3,47
13,2017-3-19 22:52:21,2017-3-20 0:38:00,1:45:38.123,3,47
14,2017-3-20 9:38:21,2017-3-20 11:07:50,1:29:29.627,2,47
15,2017-3-20 14:02:54,2017-3-20 16:00:01,1:57:06.663,2,47
16,2017-3-21 10:04:10,2017-3-21 13:03:35,2:59:25.323,2,47
17,2017-3-21 16:12:22,2017-3-22 0:14:30,8:02:08.687,2,47
18,2017-3-22 9:23:33,2017-3-22 13:29:41,4:06:07.570,3,47
19,2017-3-22 18:32:26,2017-3-22 19:02:31,0:30:04.553,3,47
20,2017-3-22 22:11:09,2017-3-23 1:02:01,2:50:51.260,3,47
21,2017-3-23 10:15:51,2017-3-23 11:44:57,1:29:06.130,5,47
22,2017-3-23 12:41:59,,,5,47
23,2017-3-23 12:52:02,,,5,47
24,2017-3-23 13:05:25,2017-3-23 13:23:27,0:18:01.433,5,47
25,2017-3-23 15:58:24,2017-3-24 0:37:20,8:38:56.037,5,47
26,2017-3-24 9:44:07,2017-3-24 13:10:16,3:26:08.590,2,47
27,2017-3-24 14:04:03,2017-3-25 0:39:05,10:35:02.153,2,47
28,2017-3-25 10:11:43,2017-3-25 23:39:32,13:27:49.043,1,47
29,2017-3-26 0:07:56,2017-3-26 0:08:26,0:00:29.240,4,47
30,2017-3-26 9:17:31,,,4,47
31,2017-3-26 10:20:20,2017-3-26 17:48:52,7:28:32.587,4,47
32,2017-3-26 20:48:14,2017-3-27 0:48:51,4:00:37.787,4,47
33,2017-3-27 8:25:15,,,2,47
34,2017-3-27 9:26:10,2017-3-28 1:19:38,15:53:27.707,2,47
35,2017-3-28 10:29:54,2017-3-28 12:47:41,2:17:46.787,3,47
36,2017-3-28 16:03:51,2017-3-28 17:44:23,1:40:32.790,3,47
37,2017-3-28 20:04:15,2017-3-29 0:04:37,4:00:22.297,3,47
38,2017-3-29 9:18:57,2017-3-29 23:29:53,14:10:56.007,1,47
39,2017-3-30 7:26:13,2017-3-30 7:35:14,0:09:00.707,4,47
40,2017-3-30 10:07:28,,,4,47
41,2017-3-30 10:19:11,2017-3-30 13:59:03,3:39:52.030,4,47
42,2017-3-30 18:26:22,2017-3-31 1:10:53,6:44:31.457,4,47
43,2017-3-31 10:15:55,,,5,47
44,2017-3-31 15:45:37,2017-3-31 15:59:18,0:13:40.480,5,47
45,2017-3-31 21:03:22,,,5,47
46,2017-3-31 21:16:19,,,5,47
47,2017-3-31 21:25:20,2017-4-1 0:07:27,2:42:07.917,5,47
48,2017-4-1 9:38:33,,,2,62
49,2017-4-1 22:33:53,2017-4-2 0:19:48,1:45:55.030,2,62
50,2017-4-2 10:37:34,2017-4-2 12:56:57,2:19:22.710,3,62
51,2017-4-2 21:02:31,2017-4-2 21:33:33,0:31:02.470,3,62
52,2017-4-2 22:37:54,2017-4-3 0:26:52,1:48:57.960,3,62
53,2017-4-3 13:50:38,,,4,62
54,2017-4-3 19:55:29,2017-4-3 20:12:08,0:16:39.063,4,62
55,2017-4-3 21:24:46,2017-4-3 21:54:27,0:29:40.840,4,62
56,2017-4-3 22:38:44,2017-4-4 2:02:43,3:23:59.427,4,62
57,2017-4-4 10:39:08,2017-4-4 13:30:57,2:51:49.627,1,62
58,2017-4-5 12:37:29,2017-4-5 13:40:41,1:03:11.610,2,62
59,2017-4-5 21:56:39,,,2,62
60,2017-4-6 12:53:03,2017-4-7 1:02:10,12:09:06.683,1,62
61,2017-4-7 11:12:04,2017-4-7 11:38:44,0:26:39.813,5,62
62,2017-4-7 14:11:01,,,5,62
63,2017-4-7 14:20:53,,,5,62
64,2017-4-7 14:27:21,2017-4-7 14:54:20,0:26:58.340,5,62
65,2017-4-7 19:53:26,2017-4-8 0:06:13,4:12:47.183,5,62
66,2017-4-8 14:15:33,,,2,62
67,2017-4-8 20:47:45,2017-4-9 0:40:13,3:52:27.963,2,62
68,2017-4-9 10:26:26,2017-4-9 13:48:13,3:21:46.840,2,62
69,2017-4-9 22:32:27,2017-4-9 23:15:23,0:42:55.660,2,62
70,2017-4-10 20:08:21,2017-4-11 0:03:49,3:55:27.283,1,62
71,2017-4-11 0:19:44,2017-4-11 0:32:40,0:12:56.333,5,62
72,2017-4-11 10:18:47,2017-4-11 10:46:51,0:28:04.143,5,62
73,2017-4-11 13:30:20,2017-4-11 13:48:39,0:18:19.887,5,62
74,2017-4-11 18:56:47,2017-4-11 19:58:01,1:01:14.077,5,62
75,2017-4-11 22:02:27,2017-4-11 23:39:26,1:36:58.690,5,62
76,2017-4-12 8:47:29,2017-4-12 14:44:14,5:56:44.537,2,62
77,2017-4-12 21:28:40,2017-4-13 0:41:04,3:12:24.530,2,62
78,2017-4-13 10:15:53,2017-4-13 10:37:40,0:21:47.047,3,62
79,2017-4-13 12:15:14,2017-4-13 14:22:12,2:06:57.833,3,62
80,2017-4-13 16:03:44,2017-4-14 0:00:25,7:56:40.930,3,62
81,2017-4-14 10:26:42,2017-4-15 15:20:25,4:53:43.510,1,62
82,2017-4-15 19:39:03,2017-4-16 0:32:06,4:53:03.270,1,62
83,2017-4-16 9:34:32,,,3,62
84,2017-4-16 10:55:54,,,3,62
85,2017-4-16 11:07:11,,,3,62
86,2017-4-17 9:21:42,2017-4-17 13:59:46,4:38:03.193,3,62
87,2017-4-17 14:54:07,2017-4-17 16:21:43,1:27:36.247,3,62
88,2017-4-17 21:51:13,2017-4-17 23:46:46,1:55:33.593,3,62
89,2017-4-18 10:43:59,2017-4-18 23:50:20,13:06:20.890,1,62
90,2017-4-19 11:03:58,,,2,62
91,2017-4-19 18:56:34,2017-4-20 2:50:27,7:53:52.763,2,62
92,2017-4-20 10:01:42,2017-4-20 10:13:20,0:11:37.900,4,62
93,2017-4-20 12:18:11,2017-4-20 13:13:30,0:55:18.620,4,62
94,2017-4-20 16:18:14,2017-4-20 22:33:22,6:15:08.070,4,62
95,2017-4-20 22:41:40,2017-4-21 0:44:49,2:03:08.320,4,62
96,2017-4-21 14:30:52,,,2,62
97,2017-4-21 17:50:28,2017-4-22 0:47:07,6:56:39.033,2,62
98,2017-4-22 1:38:17,,,3,62
99,2017-4-22 1:49:47,2017-4-22 2:18:54,0:29:06.647,3,62
100,2017-4-22 11:31:24,2017-4-23 1:25:15,13:53:50.980,3,62
101,2017-4-23 10:47:17,2017-4-24 0:18:47,13:31:29.277,1,62
102,2017-4-24 12:45:38,2017-4-24 13:49:45,1:04:06.640,2,62
103,2017-4-24 21:33:12,2017-4-24 23:32:14,1:59:01.843,2,62
104,2017-4-25 23:30:57,2017-4-26 0:34:31,1:03:34.413,1,62
105,2017-4-27 23:16:36,2017-4-28 10:28:47,11:12:10.777,1,62
106,2017-4-28 10:33:20,2017-4-28 17:59:13,7:25:52.737,2,62
107,2017-4-28 19:30:14,,,2,62
108,2017-4-29 13:23:21,2017-4-30 13:47:46,0:24:24.727,1,62
109,2017-4-30 14:47:50,2017-5-1 0:50:50,10:03:00.567,1,62
110,2017-5-1 14:07:58,2017-5-2 21:01:17,6:53:18.440,1,47
111,2017-5-2 22:55:03,2017-5-3 14:35:46,15:40:43.150,1,47
112,2017-5-3 20:53:51,2017-5-4 9:53:29,12:59:38.630,1,47
113,2017-5-4 16:31:39,2017-5-4 17:10:30,0:38:51.050,2,47
114,2017-5-4 22:46:10,2017-5-4 23:38:23,0:52:12.967,2,47
115,2017-5-5 10:06:10,2017-5-5 11:27:12,1:21:01.317,3,47
116,2017-5-5 12:19:46,,,3,47
117,2017-5-5 14:00:37,2017-5-7 0:36:11,10:35:33.570,3,47
118,2017-5-7 10:57:24,2017-5-7 11:44:31,0:47:06.740,3,47
119,2017-5-7 17:11:02,2017-5-7 18:13:44,1:02:41.890,3,47
120,2017-5-7 22:04:15,2017-5-8 0:20:09,2:15:54.203,3,47
121,2017-5-8 10:26:43,2017-5-8 11:15:31,0:48:48.057,4,47
122,2017-5-8 11:27:07,2017-5-8 14:43:21,3:16:14.040,4,47
123,2017-5-8 15:03:23,2017-5-8 16:10:00,1:06:36.490,4,47
124,2017-5-8 19:18:21,2017-5-9 0:02:46,4:44:25.037,4,47
125,2017-5-9 13:38:17,2017-5-10 0:42:31,11:04:14.600,1,47
126,2017-5-10 13:21:33,2017-5-10 13:30:24,0:08:51.230,2,47
127,2017-5-10 20:06:23,2017-5-11 2:02:51,5:56:27.550,2,47
128,2017-5-11 13:03:55,2017-5-11 23:36:22,10:32:26.803,1,47
129,2017-5-12 10:12:51,2017-5-12 13:26:06,3:13:15.547,3,47
130,2017-5-12 18:39:48,2017-5-12 20:52:01,2:12:13.860,3,47
131,2017-5-12 21:09:15,2017-5-12 23:42:16,2:33:01.677,3,47
132,2017-5-13 19:51:04,2017-5-14 19:37:04,23:46:00.330,1,47
133,2017-5-14 22:51:17,2017-5-15 1:06:24,2:15:07.463,1,47
134,2017-5-15 13:39:23,2017-5-15 21:35:28,7:56:04.870,1,47
135,2017-5-16 22:49:32,2017-5-16 23:47:33,0:58:00.903,1,47
136,2017-5-17 22:09:23,2017-5-18 23:16:30,1:07:07.877,1,47
137,2017-5-18 23:22:17,2017-5-19 13:31:19,14:09:01.467,1,47
138,2017-5-19 13:36:04,2017-5-19 20:07:27,6:31:22.937,1,47
139,2017-5-21 10:35:35,2017-5-21 13:55:43,3:20:07.440,3,47
140,2017-5-21 20:11:52,,,3,47
141,2017-5-21 22:50:07,2017-5-21 23:37:20,0:47:13.183,3,47
142,2017-5-22 1:04:42,2017-5-22 3:20:08,2:15:25.783,3,47
143,2017-5-22 9:54:11,2017-5-22 10:16:15,0:22:03.827,3,47
144,2017-5-22 22:01:40,2017-5-22 23:42:29,1:40:49.070,3,47
145,2017-5-23 17:21:00,2017-5-23 23:50:23,6:29:23.310,1,47
146,2017-5-24 14:10:00,2017-5-24 14:37:45,0:27:44.867,2,47
147,2017-5-24 22:04:58,2017-5-24 23:00:43,0:55:44.960,2,47
148,2017-5-26 14:00:04,2017-5-27 0:47:15,10:47:10.900,1,47
149,2017-5-27 7:45:29,2017-5-27 13:06:37,5:21:08.267,2,47
150,2017-5-27 22:31:18,2017-5-27 23:59:05,1:27:46.923,2,47
151,2017-5-28 11:50:38,2017-5-29 1:11:59,13:21:20.990,1,47
152,2017-5-29 9:50:08,2017-5-29 13:23:56,3:33:48.483,2,47
153,2017-5-29 16:37:51,2017-5-30 1:10:41,8:32:49.410,2,47
154,2017-5-30 9:32:32,2017-5-31 0:06:11,14:33:38.997,1,47
155,2017-5-31 10:02:22,2017-5-31 15:04:44,5:02:21.423,2,47
156,2017-5-31 16:10:44,2017-5-31 23:01:26,6:50:41.777,2,47
157,2017-6-1 9:57:33,2017-6-1 19:33:55,9:36:22.063,1,38
158,2017-6-2 20:18:15,2017-6-3 0:00:16,3:42:00.630,1,38
159,2017-6-3 9:19:14,2017-6-3 15:54:32,6:35:18.673,1,38
160,2017-6-4 13:04:58,2017-6-4 14:38:55,1:33:56.987,2,38
161,2017-6-4 22:16:55,2017-6-4 22:37:06,0:20:10.407,2,38
162,2017-6-5 12:16:45,2017-6-5 14:45:15,2:28:30.127,1,38
163,2017-6-6 21:27:08,2017-6-6 23:39:37,2:12:29.640,1,38
164,2017-6-7 15:54:48,2017-6-8 0:47:41,8:52:53.690,1,38
165,2017-6-8 10:50:09,2017-6-8 15:20:57,4:30:48.113,2,38
166,2017-6-8 18:53:46,2017-6-9 0:18:51,5:25:04.790,2,38
167,2017-6-9 13:31:42,2017-6-9 23:50:20,10:18:37.697,1,38
168,2017-6-10 19:32:37,2017-6-11 1:30:41,5:58:03.920,1,38
169,2017-6-11 11:15:29,2017-6-11 13:42:14,2:26:45.267,2,38
170,2017-6-11 15:34:56,2017-6-11 22:45:45,7:10:49.337,2,38
175,2017-6-12 0:36:28,2017-6-12 0:36:37,0:00:09.083,2,38
176,2017-6-12 9:49:34,2017-6-13 1:37:16,15:47:41.240,2,38
177,2017-6-13 11:26:00,,,3,38
178,2017-6-13 16:21:57,,,3,38
179,2017-6-13 17:32:27,2017-6-13 23:30:56,5:58:29.173,3,38
180,2017-6-14 12:23:15,2017-6-15 1:52:27,13:29:12.283,1,38
181,2017-6-15 10:20:30,2017-6-15 15:43:46,5:23:16.453,3,38
182,2017-6-15 18:39:03,2017-6-15 19:36:14,0:57:10.917,3,38
183,2017-6-15 22:58:29,2017-6-16 0:15:41,1:17:11.680,3,38
184,2017-6-18 21:27:19,2017-6-18 22:26:07,0:58:47.950,1,38
185,2017-6-19 17:41:37,2017-6-20 2:27:59,8:46:21.613,1,38
186,2017-6-20 9:12:53,2017-6-21 0:56:26,15:43:32.870,1,38
189,2017-6-21 10:18:01,2017-6-21 18:31:14,8:13:13.130,2,38
190,2017-6-21 23:40:45,2017-6-22 2:52:45,3:12:00.077,2,38
191,2017-6-22 11:32:20,2017-6-24 0:57:38,13:25:17.880,1,38
192,2017-6-24 1:16:22,2017-6-24 1:38:14,0:21:51.530,2,38
193,2017-6-24 17:28:30,2017-6-25 3:24:10,9:55:40.650,2,38
195,2017-6-25 11:20:38,2017-6-25 12:16:26,0:55:48.017,2,38
196,2017-6-25 12:20:53,2017-6-25 22:30:25,10:09:31.423,2,38
197,2017-6-26 11:11:04,2017-6-26 11:58:26,0:47:21.370,2,38
198,2017-6-26 18:19:03,2017-6-26 23:21:56,5:02:52.967,2,38
199,2017-6-27 18:06:56,2017-6-27 20:11:22,2:04:26.177,2,38
200,2017-6-27 22:03:56,2017-6-29 1:44:45,3:40:49.617,2,38
201,2017-6-29 10:54:19,2017-7-1 0:33:31,13:39:11.390,1,38
202,2017-7-1 11:01:53,2017-7-2 0:22:28,13:20:34.653,1,32
203,2017-7-3 8:51:52,,,1,32
204,2017-7-4 18:52:15,2017-7-4 21:53:37,3:01:21.953,1,32
205,2017-7-5 12:19:16,2017-7-5 13:15:16,0:56:00.023,3,32
206,2017-7-5 15:39:43,2017-7-5 15:56:15,0:16:32.523,3,32
207,2017-7-5 16:14:55,2017-7-5 16:17:33,0:02:38.750,3,32
208,2017-7-7 9:19:55,2017-7-7 22:31:22,13:11:27.150,1,32
209,2017-7-8 9:34:03,2017-7-8 22:06:43,12:32:40.093,1,32
210,2017-7-9 19:34:18,2017-7-9 20:55:50,1:21:32.520,2,32
211,2017-7-9 22:30:35,2017-7-9 23:59:36,1:29:00.057,2,32
212,2017-7-10 20:14:47,2017-7-11 0:26:27,4:11:39.873,1,32
213,2017-7-11 0:32:17,2017-7-11 0:37:28,0:05:11.270,1,32
214,2017-7-12 17:59:12,2017-7-12 18:38:36,0:39:23.723,1,32
215,2017-7-13 12:16:16,2017-7-14 0:19:41,12:03:25.220,1,32
216,2017-7-14 9:12:53,2017-7-14 22:41:34,13:28:41.087,1,32
217,2017-7-18 21:38:15,2017-7-19 1:24:02,3:45:46.960,1,32
218,2017-7-20 10:16:15,2017-7-20 13:11:44,2:55:29.180,1,32
219,2017-7-21 14:04:54,2017-7-21 14:15:03,0:10:09.080,1,32
220,2017-7-22 13:45:45,2017-7-22 14:50:39,1:04:54.643,1,32
221,2017-7-25 11:54:31,2017-7-25 14:38:30,2:43:58.803,1,32
223,2017-7-26 13:46:55,2017-7-26 14:06:25,0:19:30.060,2,32
224,2017-7-26 22:17:59,2017-7-27 0:06:29,1:48:30.110,2,32
225,2017-7-27 9:26:26,2017-7-27 11:34:38,2:08:11.670,1,32
226,2017-7-29 0:20:32,2017-7-29 0:32:18,0:11:45.777,3,32
227,2017-7-29 12:49:05,2017-7-29 15:31:37,2:42:32.440,3,32
228,2017-7-29 22:31:17,2017-7-30 0:29:44,1:58:26.783,3,32
231,2017-7-30 11:39:36,2017-7-30 13:11:49,1:32:13.810,2,32
234,2017-7-30 22:22:14,2017-7-31 3:12:33,4:50:18.837,2,32
235,2017-7-31 13:36:38,2017-7-31 16:35:32,2:58:53.890,4,32
236,2017-7-31 19:20:22,2017-7-31 20:07:46,0:47:24.200,4,32
237,2017-7-31 22:24:01,2017-7-31 22:55:14,0:31:13.593,4,32
238,2017-7-31 23:09:45,2017-8-1 13:05:05,13:55:19.657,4,32
241,2017-8-1 15:51:54,2017-8-1 15:58:04,0:06:10.077,3,38
242,2017-8-1 20:42:44,2017-8-1 21:04:07,0:21:23.120,3,38
243,2017-8-1 21:26:07,2017-8-1 23:26:31,2:00:23.273,3,38
244,2017-8-2 22:17:07,2017-8-2 23:26:57,1:09:49.860,2,38
245,2017-8-2 23:31:58,2017-8-3 1:30:02,1:58:04.120,2,38
246,2017-8-4 12:10:19,2017-8-4 14:54:19,2:44:00.737,3,38
247,2017-8-4 16:41:24,2017-8-4 17:03:48,0:22:23.393,3,38
248,2017-8-4 22:31:28,2017-8-4 23:05:25,0:33:56.610,3,38
249,2017-8-6 23:22:24,2017-8-6 23:28:31,0:06:06.700,1,38
250,2017-8-7 10:43:22,2017-8-8 23:30:34,12:47:11.077,1,38
251,2017-8-9 13:54:09,2017-8-9 15:05:23,1:11:14.893,2,38
252,2017-8-9 22:39:54,2017-8-9 23:05:31,0:25:37.110,2,38
253,2017-8-11 0:53:11,2017-8-11 1:08:34,0:15:23.143,3,38
254,2017-8-11 11:56:00,2017-8-11 16:22:11,4:26:11.633,3,38
255,2017-8-11 22:20:59,2017-8-12 0:10:54,1:49:54.417,3,38
256,2017-8-12 0:43:22,2017-8-12 1:13:00,0:30:00.000,3,38
257,2017-8-12 13:07:41,2017-8-12 13:23:39,0:15:57.970,3,38
258,2017-8-12 23:43:45,2017-8-12 23:56:41,0:12:55.960,3,38
259,2017-8-13 14:25:38,2017-8-13 14:53:35,0:27:57.463,3,38
260,2017-8-13 15:10:15,2017-8-13 15:40:00,0:30:00.000,3,38
261,2017-8-13 22:54:01,2017-8-14 0:51:10,1:57:09.083,3,38
262,2017-8-14 23:21:27,2017-8-15 0:45:29,1:24:02.353,1,38
263,2017-8-22 10:27:03,2017-8-22 12:58:07,2:31:04.000,1,38
264,2017-8-23 10:10:22,2017-8-23 13:51:25,3:41:02.987,3,38
265,2017-8-23 14:01:19,2017-8-23 14:11:22,0:10:03.153,3,38
266,2017-8-23 22:35:08,2017-8-23 23:14:56,0:39:47.820,3,38
267,2017-8-24 0:24:30,2017-8-24 2:36:38,2:12:07.793,3,38
268,2017-8-24 18:15:55,2017-8-24 20:34:13,2:18:18.457,3,38
269,2017-8-24 22:24:40,2017-8-25 0:53:00,2:28:51.490,3,38
270,2017-8-25 13:37:56,2017-8-25 14:57:26,1:19:29.357,2,38
271,2017-8-25 22:32:01,2017-8-25 22:56:48,0:24:46.317,2,38
272,2017-8-28 13:53:43,2017-8-28 14:23:51,0:30:08.750,3,38
273,2017-8-28 21:59:51,2017-8-28 22:30:40,0:30:49.123,3,38
274,2017-8-28 22:48:14,2017-8-28 23:05:05,0:16:51.130,3,38
275,2017-8-29 18:30:19,2017-8-29 23:05:15,4:34:56.267,2,38
276,2017-8-29 23:59:54,2017-8-30 0:16:57,0:17:03.047,2,38
277,2017-8-30 12:32:20,2017-8-30 13:27:38,0:55:18.223,2,38
278,2017-8-30 14:25:35,2017-8-30 14:55:38,0:30:03.477,2,38
279,2017-9-1 12:51:08,2017-9-1 13:37:58,0:46:50.403,1,40
280,2017-9-2 13:45:35,2017-9-2 15:11:12,1:25:36.603,3,40
281,2017-9-2 18:07:33,2017-9-2 18:37:38,0:30:04.567,3,40
282,2017-9-2 18:41:27,2017-9-3 1:06:41,6:25:14.380,3,40
283,2017-9-4 13:11:48,2017-9-4 13:41:51,0:30:02.953,1,40
284,2017-9-5 10:19:08,2017-9-5 14:15:57,3:56:48.883,3,40
285,2017-9-5 14:22:37,2017-9-5 14:43:48,0:21:11.107,3,40
286,2017-9-5 17:31:30,2017-9-5 18:04:48,0:33:18.230,3,40
287,2017-9-6 0:02:15,2017-9-6 2:48:34,2:46:18.423,3,40
288,2017-9-6 11:26:44,2017-9-6 17:06:59,5:40:15.000,3,40
289,2017-9-6 22:30:30,2017-9-7 1:07:03,2:36:32.690,3,40
290,2017-9-9 22:33:27,2017-9-10 1:24:54,2:51:26.307,1,40
292,2017-9-10 1:29:12,2017-9-10 1:52:06,0:22:53.263,3,40
293,2017-9-10 11:28:03,2017-9-10 19:37:41,8:09:38.213,3,40
294,2017-9-10 22:43:14,2017-9-10 23:05:05,0:21:51.280,3,40
295,2017-9-11 16:28:33,2017-9-11 18:37:12,2:08:39.220,2,40
296,2017-9-11 22:11:12,2017-9-11 23:05:05,0:53:52.543,2,40
297,2017-9-14 15:30:02,2017-9-14 16:09:28,0:39:25.190,1,40
298,2017-9-15 13:32:22,2017-9-15 14:53:02,1:20:39.280,2,40
299,2017-9-15 18:17:32,2017-9-15 18:53:33,0:36:00.717,2,40
300,2017-9-16 22:50:33,2017-9-17 1:52:29,3:01:56.230,1,40
301,2017-9-17 12:32:18,2017-9-17 13:02:18,0:30:00.183,1,40
302,2017-9-19 15:37:46,2017-9-19 16:16:54,0:39:08.027,2,40
303,2017-9-19 19:57:36,2017-9-20 0:10:37,4:13:00.993,2,40
304,2017-9-20 10:43:39,2017-9-20 15:16:09,4:32:29.423,3,40
305,2017-9-20 15:21:34,2017-9-20 23:06:40,7:45:05.750,3,40
306,2017-9-20 23:43:54,2017-9-20 23:47:22,0:03:28.017,3,40
307,2017-9-21 10:32:46,2017-9-21 10:42:56,0:10:10.467,1,40
308,2017-9-22 11:07:52,2017-9-22 12:05:00,0:57:07.490,3,40
309,2017-9-22 17:57:24,2017-9-22 19:54:50,1:57:26.207,3,40
310,2017-9-22 22:52:51,2017-9-23 0:01:12,1:08:20.880,3,40
311,2017-9-23 0:38:30,2017-9-23 0:43:35,0:05:04.937,2,40
312,2017-9-23 16:26:30,2017-9-23 23:17:37,6:51:06.450,2,40
313,2017-9-24 11:20:41,2017-9-24 12:16:54,0:56:12.203,2,40
315,2017-9-24 18:11:08,2017-9-24 22:58:54,4:47:46.533,2,40
316,2017-9-26 12:04:24,2017-9-26 14:10:26,2:06:02.093,2,40
317,2017-9-26 17:49:53,2017-9-26 18:48:53,0:59:00.870,2,40
318,2017-9-27 12:57:06,2017-9-27 13:31:10,0:34:03.437,1,40
319,2017-9-28 19:00:22,2017-9-28 23:05:32,4:05:10.250,1,40
320,2017-9-29 11:22:24,2017-9-29 11:44:09,0:21:44.710,1,40
321,2017-10-1 22:14:05,2017-10-1 22:39:18,0:25:13.333,1,20
322,2017-10-5 12:32:27,2017-10-5 22:04:39,9:32:12.740,1,20
323,2017-10-10 9:55:51,2017-10-10 10:17:38,0:21:47.300,1,20
324,2017-10-11 14:28:00,2017-10-11 15:33:22,1:05:21.767,1,20
325,2017-10-12 16:56:56,2017-10-12 17:26:59,0:30:02.797,1,20
326,2017-10-13 13:04:10,2017-10-13 14:53:06,1:48:55.307,1,20
327,2017-10-14 12:04:33,2017-10-14 13:58:58,1:54:25.180,3,20
328,2017-10-14 17:17:51,2017-10-14 18:20:54,1:03:02.710,3,20
329,2017-10-14 22:17:49,2017-10-15 0:14:55,1:57:06.003,3,20
330,2017-10-15 10:46:25,2017-10-15 11:43:27,0:57:02.323,1,20
331,2017-10-19 0:09:13,2017-10-19 0:42:33,0:33:19.280,2,20
332,2017-10-19 1:03:34,,,2,20
333,2017-10-21 22:14:25,2017-10-21 23:08:52,0:54:27.153,2,20
334,2017-10-21 23:14:10,2017-10-22 1:40:57,2:26:46.470,2,20
335,2017-10-23 14:30:34,2017-10-23 15:14:11,0:43:36.223,2,20
336,2017-10-23 22:34:11,2017-10-24 0:14:56,1:40:44.973,2,20
337,2017-10-24 1:01:30,2017-10-24 1:28:36,0:27:06.627,1,20
338,2017-10-25 10:04:24,2017-10-25 17:05:16,7:00:51.787,1,20
339,2017-10-28 9:31:06,2017-10-28 10:13:20,0:42:14.520,1,20
340,2017-10-30 12:53:15,2017-10-31 0:11:10,11:17:54.617,1,20
341,2017-11-4 0:53:17,2017-11-4 1:20:55,0:27:38.550,2,10
342,2017-11-4 22:09:20,2017-11-4 23:51:16,1:41:56.107,2,10
345,2017-11-7 13:16:15,2017-11-7 15:44:11,2:27:56.560,1,10
346,2017-11-14 22:12:26,2017-11-14 22:51:01,0:38:35.303,1,10
347,2017-11-20 7:57:11,2017-11-20 8:37:27,0:40:16.053,1,10
348,2017-11-21 22:31:42,2017-11-22 0:38:13,2:06:30.347,1,10
350,2017-11-23 23:13:48,2017-11-23 23:53:40,0:39:52.187,1,10
351,2017-11-26 22:39:59,2017-11-27 2:35:30,3:55:30.820,1,10
352,2017-11-27 14:41:18,2017-11-27 15:31:53,0:50:34.493,2,10
353,2017-11-27 22:42:56,2017-11-28 1:11:25,2:28:29.153,2,10
354,2017-12-8 13:23:04,2017-12-8 14:08:37,0:45:32.393,1,19
355,2017-12-13 13:12:14,2017-12-13 13:45:44,0:33:29.270,2,19
356,2017-12-13 22:48:12,2017-12-13 23:05:12,0:16:59.993,2,19
357,2017-12-15 13:54:44,2017-12-15 15:17:37,1:22:52.807,2,19
358,2017-12-15 23:19:45,2017-12-16 0:10:55,0:51:10.323,2,19
359,2017-12-17 23:47:08,2017-12-18 0:15:29,0:28:21.813,1,19
360,2017-12-19 22:59:22,2017-12-20 0:01:46,1:02:23.813,1,19
361,2017-12-20 14:21:53,2017-12-20 14:27:22,0:05:29.280,1,19
362,2017-12-24 19:40:35,2017-12-25 0:54:12,5:13:37.377,1,19
363,2017-12-25 10:40:40,2017-12-25 12:53:15,2:12:34.387,3,19
364,2017-12-25 16:44:43,2017-12-25 18:23:17,1:38:34.373,3,19
365,2017-12-25 22:39:13,2017-12-25 23:05:08,0:25:55.887,3,19
366,2017-12-26 11:56:01,2017-12-27 0:47:53,12:51:52.470,1,19
367,2017-12-27 9:10:23,2017-12-27 11:09:03,1:58:39.577,2,19
368,2017-12-27 15:10:33,2017-12-27 17:31:36,2:21:02.960,2,19
369,2017-12-28 11:50:43,2017-12-28 13:47:26,1:56:43.307,3,19
370,2017-12-28 14:11:08,2017-12-28 16:49:05,2:37:57.297,3,19
371,2017-12-28 20:58:09,2017-12-29 0:40:19,3:42:10.320,3,19
372,2017-12-29 10:48:21,2017-12-29 19:07:36,8:19:15.227,1,19
373,2018-1-2 10:18:48,2018-1-2 23:05:56,12:47:08.063,2,45
374,2018-1-2 23:14:46,2018-1-3 1:16:38,2:01:51.323,2,45
375,2018-1-3 9:49:38,2018-1-3 14:08:05,4:18:27.273,2,45
376,2018-1-3 18:55:24,2018-1-3 23:45:38,4:50:14.580,2,45
377,2018-1-4 10:36:50,2018-1-4 12:58:26,2:21:36.353,3,45
378,2018-1-4 13:29:54,2018-1-4 22:28:47,8:58:53.700,3,45
379,2018-1-4 22:49:37,2018-1-5 1:54:54,3:05:17.660,3,45
380,2018-1-5 11:53:47,2018-1-6 2:15:29,14:21:42.087,1,45
381,2018-1-6 11:40:05,2018-1-6 11:56:08,0:16:03.203,1,45
382,2018-1-7 12:20:09,2018-1-7 12:58:40,0:38:31.877,2,45
383,2018-1-7 13:38:24,2018-1-8 0:58:20,11:19:56.913,2,45
385,2018-1-8 10:58:19,2018-1-8 13:51:48,2:53:28.833,2,45
386,2018-1-8 14:21:22,2018-1-9 1:22:15,11:00:53.097,2,45
388,2018-1-9 9:03:13,2018-1-9 10:34:27,1:31:14.033,2,45
389,2018-1-9 10:56:25,2018-1-9 22:40:32,11:44:07.120,2,45
391,2018-1-10 13:19:07,2018-1-11 1:10:48,11:51:40.987,1,45
393,2018-1-11 12:15:46,2018-1-11 17:14:04,4:58:17.790,2,45
394,2018-1-11 20:13:51,2018-1-12 3:46:00,7:32:09.320,2,45
395,2018-1-12 12:51:33,2018-1-12 14:52:47,2:01:13.530,2,45
396,2018-1-12 15:45:01,2018-1-12 20:40:27,4:55:26.350,2,45
397,2018-1-13 15:45:18,2018-1-13 23:05:05,7:19:47.410,1,45
398,2018-1-14 14:09:45,2018-1-14 22:46:47,8:37:02.500,1,45
399,2018-1-15 13:19:30,2018-1-15 21:43:32,8:24:02.763,2,45
400,2018-1-15 22:11:27,2018-1-15 22:52:27,0:41:00.033,2,45
401,2018-1-16 11:52:49,2018-1-16 14:45:15,2:52:25.780,3,45
402,2018-1-16 18:13:47,2018-1-16 22:57:06,4:43:19.087,3,45
403,2018-1-16 23:46:41,2018-1-17 0:01:17,0:14:36.737,3,45
404,2018-1-18 15:46:06,2018-1-18 16:18:09,0:32:03.450,2,45
405,2018-1-18 20:46:35,2018-1-19 1:39:17,4:52:42.110,2,45
406,2018-1-19 21:19:28,2018-1-19 23:05:22,1:45:53.600,1,45
407,2018-1-20 19:57:57,2018-1-20 22:18:12,2:20:15.303,1,45
408,2018-1-21 11:44:15,2018-1-21 16:13:21,4:29:06.317,1,45
411,2018-1-22 11:27:47,2018-1-22 17:08:56,5:41:09.477,1,45
412,2018-1-23 11:31:14,2018-1-23 13:14:22,1:43:08.023,2,45
414,2018-1-23 18:54:31,2018-1-23 22:47:38,3:53:07.963,2,45
415,2018-1-24 14:12:01,2018-1-24 17:20:47,3:08:45.923,2,45
416,2018-1-24 18:20:03,2018-1-24 22:02:19,3:42:15.583,2,45
419,2018-1-25 21:37:15,2018-1-26 1:39:52,4:02:37.820,1,45
420,2018-1-26 14:25:59,2018-1-26 23:31:46,9:05:47.347,1,45
422,2018-1-27 21:08:49,2018-1-28 1:02:27,3:53:38.527,1,45
423,2018-1-28 9:48:56,,,2,45
424,2018-1-28 22:30:00,2018-1-29 2:37:16,4:07:16.880,2,45
425,2018-1-29 10:47:48,2018-1-29 16:34:25,5:46:37.943,2,45
426,2018-1-29 18:02:56,2018-1-30 0:23:55,6:20:59.843,2,45
427,2018-1-30 18:05:41,2018-1-30 21:32:58,3:27:17.240,1,45
428,2018-2-4 17:27:37,2018-2-4 23:05:10,5:37:32.647,2,32
429,2018-2-4 23:29:50,2018-2-5 2:12:42,2:42:52.003,2,32
430,2018-2-5 16:16:52,2018-2-5 17:23:30,1:06:38.323,2,32
431,2018-2-5 17:31:59,2018-2-5 21:30:06,3:58:07.303,2,32
432,2018-2-6 12:26:10,2018-2-6 12:56:57,0:30:47.513,1,32
433,2018-2-7 16:12:15,2018-2-7 23:05:07,6:52:52.910,2,32
434,2018-2-7 23:24:58,2018-2-8 2:41:00,3:16:01.573,2,32
435,2018-2-8 13:47:47,2018-2-8 17:00:54,3:13:07.503,2,32
436,2018-2-8 19:52:18,2018-2-8 22:04:30,2:12:12.950,2,32
437,2018-2-10 14:53:57,2018-2-10 18:37:20,3:43:23.040,1,32
438,2018-2-11 14:06:56,2018-2-11 16:42:34,2:35:38.810,1,32
439,2018-2-12 0:07:04,2018-2-12 0:48:09,0:41:05.050,1,32
440,2018-2-13 11:29:34,2018-2-13 13:27:21,1:57:47.450,1,32
441,2018-2-17 17:56:28,2018-2-17 23:05:14,5:08:46.060,1,32
442,2018-2-18 0:03:49,2018-2-18 2:18:54,2:15:04.350,4,32
443,2018-2-18 10:31:34,2018-2-18 12:25:48,1:54:14.050,4,32
444,2018-2-18 20:57:32,2018-2-18 23:05:17,2:07:45.557,4,32
445,2018-2-18 23:18:05,2018-2-19 0:24:01,1:05:56.197,4,32
446,2018-2-19 11:36:44,2018-2-19 16:41:52,5:05:08.317,2,32
447,2018-2-19 19:31:41,2018-2-19 21:45:07,2:13:26.650,2,32
448,2018-2-20 15:47:46,2018-2-20 17:19:06,1:31:20.437,1,32
449,2018-2-23 1:16:21,2018-2-23 3:32:47,2:16:25.813,3,32
450,2018-2-23 11:45:12,2018-2-23 12:27:16,0:42:03.947,3,32
451,2018-2-23 20:53:40,2018-2-23 23:05:02,2:11:22.297,3,32
452,2018-2-24 11:40:48,2018-2-24 22:32:24,10:51:35.823,1,32
454,2018-2-25 21:53:54,2018-2-26 2:21:48,4:27:54.163,1,32
457,2018-2-26 17:01:48,2018-2-26 21:08:11,4:06:23.447,1,32
463,2018-2-27 13:23:42,2018-2-27 13:53:37,0:29:54.907,3,32
464,2018-2-27 15:07:57,2018-2-27 15:31:27,0:23:30.177,3,32
465,2018-2-27 17:20:06,2018-2-27 17:50:11,0:30:04.200,3,32
466,2018-2-28 0:44:21,2018-2-28 2:10:13,1:25:52.070,2,32
467,2018-2-28 23:26:44,2018-3-1 0:22:44,0:55:59.580,2,32
468,2018-3-1 16:11:59,2018-3-1 18:26:16,2:14:17.357,2,49
469,2018-3-1 18:33:15,2018-3-1 19:37:18,1:04:02.840,2,49
470,2018-3-2 10:51:04,2018-3-2 13:24:06,2:33:02.150,1,49
471,2018-3-3 11:27:12,2018-3-3 15:42:08,4:14:55.780,2,49
472,2018-3-3 21:21:46,2018-3-4 1:23:49,4:02:02.420,2,49
473,2018-3-4 11:14:55,2018-3-4 17:48:14,6:33:19.243,1,49
474,2018-3-5 0:37:35,2018-3-5 0:43:22,0:05:46.450,1,49
475,2018-3-6 22:13:42,2018-3-7 2:08:19,3:54:36.307,1,49
476,2018-3-7 12:55:34,2018-3-7 15:30:00,2:34:25.030,1,49
477,2018-3-8 0:49:01,2018-3-8 1:14:19,0:25:17.917,4,49
478,2018-3-8 11:36:59,2018-3-8 14:07:24,2:30:24.567,4,49
479,2018-3-8 14:14:41,2018-3-8 14:25:24,0:10:42.287,4,49
480,2018-3-8 23:10:46,2018-3-9 0:21:18,1:10:31.473,4,49
481,2018-3-9 11:52:35,2018-3-10 0:06:28,12:13:53.300,1,49
482,2018-3-10 10:37:17,2018-3-10 11:03:08,0:25:51.120,3,49
483,2018-3-10 17:35:04,2018-3-10 20:20:04,2:45:00.003,3,49
484,2018-3-10 21:48:56,2018-3-10 23:31:16,1:42:19.587,3,49
485,2018-3-11 15:46:26,2018-3-11 23:28:12,7:41:45.633,1,49
486,2018-3-12 14:22:17,2018-3-12 14:38:11,0:15:53.810,3,49
487,2018-3-12 17:51:46,2018-3-12 19:28:36,1:36:50.100,3,49
488,2018-3-12 22:44:08,2018-3-13 0:53:05,2:08:57.073,3,49
489,2018-3-13 12:53:27,2018-3-13 14:10:35,1:17:08.870,2,49
490,2018-3-13 21:23:39,2018-3-13 22:27:13,1:03:33.390,2,49
492,2018-3-14 4:25:20,2018-3-14 5:06:42,0:41:22.187,3,49
493,2018-3-14 20:50:12,2018-3-14 22:20:41,1:30:29.087,3,49
494,2018-3-14 23:54:05,2018-3-15 0:43:08,0:49:02.750,3,49
495,2018-3-19 19:35:39,2018-3-20 0:02:13,4:26:34.083,1,49
496,2018-3-20 13:14:58,2018-3-20 14:37:44,1:22:46.067,2,49
497,2018-3-20 20:41:40,2018-3-20 23:15:59,2:34:19.117,2,49
498,2018-3-21 0:15:11,2018-3-21 0:19:52,0:04:40.630,2,49
499,2018-3-21 12:09:06,2018-3-21 12:29:47,0:20:41.303,2,49
500,2018-3-22 1:47:32,2018-3-22 12:46:13,10:58:40.700,4,49
501,2018-3-22 12:46:22,,,4,49
502,2018-3-22 12:48:47,2018-3-22 18:52:33,6:03:46.353,4,49
503,2018-3-22 21:44:03,2018-3-22 23:00:06,1:16:03.017,4,49
504,2018-3-23 0:13:43,2018-3-23 0:55:15,0:41:32.247,4,49
505,2018-3-23 10:10:02,2018-3-23 13:21:39,3:11:37.243,4,49
506,2018-3-23 18:12:51,2018-3-23 20:31:26,2:18:34.510,4,49
507,2018-3-23 22:19:12,2018-3-23 23:00:33,0:41:21.233,4,49
508,2018-3-24 10:27:37,2018-3-24 12:22:12,1:54:34.793,2,49
509,2018-3-24 20:32:52,2018-3-25 1:57:57,5:25:05.080,2,49
510,2018-3-25 11:13:37,2018-3-26 3:49:11,16:35:33.603,1,49
512,2018-3-26 12:30:44,2018-3-26 18:01:15,5:30:30.747,1,49
513,2018-3-27 13:13:54,2018-3-27 15:20:13,2:06:18.487,1,49
514,2018-3-28 13:37:56,2018-3-28 23:00:17,9:22:20.957,1,49
515,2018-3-29 13:09:50,2018-3-29 16:02:40,2:52:49.963,2,49
516,2018-3-29 19:00:44,2018-3-29 23:00:12,3:59:27.463,2,49
517,2018-3-30 11:22:47,2018-3-30 13:16:58,1:54:11.273,2,49
518,2018-3-30 18:07:56,2018-4-1 0:01:01,5:53:05.233,2,49
520,2018-4-1 12:20:09,2018-4-1 15:53:20,3:33:10.433,2,42
521,2018-4-1 17:13:41,2018-4-1 23:00:20,5:46:39.013,2,42
522,2018-4-2 12:38:33,2018-4-2 22:36:29,9:57:56.200,1,42
523,2018-4-3 9:26:46,2018-4-3 20:12:41,10:45:55.270,1,42
524,2018-4-4 11:36:23,2018-4-4 16:21:18,4:44:54.650,2,42
526,2018-4-4 23:54:24,2018-4-5 0:53:47,0:59:22.620,2,42
528,2018-4-5 13:00:54,2018-4-5 15:29:17,2:28:22.400,2,42
529,2018-4-5 16:28:02,2018-4-6 0:01:26,7:33:23.780,2,42
530,2018-4-6 13:24:12,2018-4-6 13:45:40,0:21:27.180,2,42
531,2018-4-6 14:06:07,2018-4-6 21:39:53,7:33:46.273,2,42
533,2018-4-8 16:33:28,2018-4-8 23:00:10,6:26:42.067,1,42
534,2018-4-9 9:16:02,2018-4-9 13:47:00,4:30:58.650,2,42
535,2018-4-9 15:47:58,2018-4-9 23:00:14,7:12:16.190,2,42
536,2018-4-10 7:45:44,2018-4-10 15:07:18,7:21:34.810,2,42
537,2018-4-10 22:05:15,2018-4-10 23:00:22,0:55:06.797,2,42
538,2018-4-11 14:44:03,2018-4-11 19:13:04,4:29:00.163,2,42
539,2018-4-11 19:48:34,2018-4-11 22:35:04,2:46:29.860,2,42
540,2018-4-12 10:32:30,2018-4-12 16:14:00,5:42:21.327,2,42
541,2018-4-12 22:33:38,2018-4-12 22:43:17,0:09:38.997,2,42
542,2018-4-13 15:20:57,2018-4-13 20:39:16,5:18:18.957,1,42
543,2018-4-15 10:08:53,2018-4-16 2:09:06,16:00:13.063,1,42
544,2018-4-16 15:01:42,2018-4-17 1:07:25,10:05:43.313,1,42
546,2018-4-17 20:47:37,2018-4-17 22:34:47,1:47:09.777,1,42
547,2018-4-18 14:50:30,2018-4-18 23:00:11,8:09:41.070,1,42
548,2018-4-19 13:59:00,2018-4-19 21:38:30,7:39:30.637,1,42
549,2018-4-20 16:15:25,2018-4-20 23:48:47,7:33:21.647,1,42
550,2018-4-21 13:14:58,2018-4-21 23:34:39,10:19:41.160,1,42
551,2018-4-22 12:09:33,2018-4-22 16:04:21,3:54:47.240,2,42
552,2018-4-22 19:30:31,2018-4-22 20:37:50,1:07:18.963,2,42
554,2018-4-23 18:31:46,2018-4-24 0:22:03,5:50:17.583,1,42
565,2018-4-24 0:28:07,,,1,42
566,2018-4-25 21:18:03,2018-4-25 22:56:35,1:38:32.117,1,42
567,2018-4-26 13:30:16,2018-4-26 14:58:21,1:28:04.207,3,42
568,2018-4-26 21:01:07,2018-4-26 22:27:29,1:26:22.503,3,42
569,2018-4-26 22:38:18,2018-4-26 23:00:38,0:22:19.860,3,42
570,2018-4-27 13:35:38,2018-4-27 13:58:11,0:22:32.833,2,42
571,2018-4-27 14:30:58,2018-4-27 22:36:00,8:05:01.443,2,42
572,2018-4-28 11:46:01,2018-4-28 14:58:33,3:12:31.520,2,42
573,2018-4-28 16:58:02,2018-4-28 21:50:59,4:52:57.100,2,42
574,2018-4-29 13:46:24,2018-4-29 22:30:00,8:43:35.193,1,42
576,2018-4-30 10:38:43,2018-4-30 21:44:48,11:06:04.543,2,42
577,2018-4-30 22:09:21,2018-4-30 23:53:05,1:43:43.747,2,42
578,2018-5-1 8:47:13,2018-5-1 11:52:16,3:05:03.037,1,63
579,2018-5-2 13:51:47,2018-5-2 23:34:47,9:43:00.003,1,63
580,2018-5-3 11:55:46,2018-5-3 11:58:38,0:02:52.097,2,63
581,2018-5-3 12:06:52,2018-5-3 22:38:38,10:31:45.347,2,63
582,2018-5-4 10:42:47,2018-5-4 23:23:01,12:40:13.560,1,63
583,2018-5-5 14:36:00,2018-5-5 23:14:08,8:38:08.743,1,63
584,2018-5-6 10:27:38,2018-5-6 10:50:00,0:22:21.150,2,63
585,2018-5-6 19:59:18,2018-5-6 21:57:37,1:58:19.470,2,63
586,2018-5-7 15:34:00,2018-5-7 18:08:06,2:34:06.633,3,63
587,2018-5-7 18:15:59,2018-5-7 20:01:00,1:45:01.527,3,63
588,2018-5-7 20:09:22,2018-5-7 22:16:48,2:07:25.890,3,63
589,2018-5-8 8:21:41,2018-5-8 9:20:00,0:58:18.240,2,63
590,2018-5-8 14:56:58,2018-5-8 21:51:40,6:54:42.930,2,63
591,2018-5-9 17:28:24,2018-5-9 18:50:26,1:22:02.327,2,63
592,2018-5-9 19:52:39,2018-5-10 1:10:41,5:18:01.733,2,63
593,2018-5-10 10:50:22,2018-5-10 12:30:59,1:40:37.863,2,63
594,2018-5-10 13:16:06,2018-5-10 22:50:00,9:33:53.410,2,63
595,2018-5-11 10:06:02,2018-5-11 22:42:01,12:35:59.350,1,63
596,2018-5-12 14:32:00,2018-5-12 23:50:24,9:18:24.870,1,63
597,2018-5-13 13:33:59,2018-5-13 18:08:30,4:34:30.633,2,63
598,2018-5-13 22:04:11,2018-5-13 22:04:21,0:00:10.523,2,63
599,2018-5-14 0:04:34,2018-5-14 4:26:00,4:21:25.980,4,63
600,2018-5-14 11:19:58,2018-5-14 11:36:35,0:16:37.710,4,63
601,2018-5-14 12:12:29,2018-5-14 22:04:51,9:52:21.500,4,63
602,2018-5-14 22:44:59,2018-5-15 2:37:48,3:52:48.300,4,63
603,2018-5-15 10:21:51,2018-5-15 11:08:08,0:46:16.900,1,63
604,2018-5-16 13:42:52,2018-5-16 15:56:07,2:13:14.637,2,63
607,2018-5-16 22:16:06,2018-5-16 23:00:05,0:43:58.913,2,63
611,2018-5-17 12:24:58,2018-5-17 13:30:42,1:05:44.033,2,63
612,2018-5-17 14:02:07,2018-5-17 21:04:55,7:02:47.197,2,63
613,2018-5-18 9:15:40,2018-5-18 11:43:00,2:27:19.230,3,63
614,2018-5-18 15:07:23,2018-5-18 16:17:00,1:09:42.213,3,63
615,2018-5-18 17:17:25,2018-5-19 6:02:25,12:44:59.867,3,63
617,2018-5-19 15:16:39,2018-5-19 23:10:28,7:53:49.450,2,63
618,2018-5-19 23:41:23,2018-5-20 3:54:51,4:13:27.293,2,63
619,2018-5-20 12:34:24,2018-5-20 15:42:51,3:08:26.533,3,63
620,2018-5-20 16:01:07,2018-5-20 22:32:01,6:30:53.973,3,63
621,2018-5-20 23:04:00,2018-5-21 4:24:46,5:20:46.617,3,63
622,2018-5-21 11:16:14,2018-5-21 22:18:41,11:02:26.987,2,63
623,2018-5-21 22:47:36,2018-5-22 5:20:05,6:32:29.180,2,63
625,2018-5-22 11:46:41,2018-5-23 1:08:55,13:22:14.453,1,63
626,2018-5-23 11:16:59,2018-5-23 14:43:09,3:26:09.720,2,63
627,2018-5-23 15:22:36,2018-5-24 1:03:37,9:41:01.343,2,63
628,2018-5-24 8:59:48,2018-5-24 14:25:00,5:25:11.710,2,63
629,2018-5-24 16:30:27,2018-5-25 9:23:21,16:52:54.170,2,63
631,2018-5-25 13:13:30,2018-5-25 17:06:14,3:52:43.410,3,63
632,2018-5-25 17:19:03,2018-5-25 17:40:11,0:21:07.637,3,63
633,2018-5-25 20:37:27,2018-5-25 23:55:34,3:18:07.843,3,63
634,2018-5-26 16:09:00,2018-5-26 17:09:48,1:00:48.207,2,63
635,2018-5-26 18:02:40,2018-5-27 14:43:11,20:40:30.930,2,63
636,2018-5-27 22:51:48,2018-5-27 23:00:00,0:08:12.640,2,63
637,2018-5-27 23:10:00,2018-5-28 0:15:08,1:05:08.063,2,63
638,2018-5-28 12:10:22,2018-5-28 23:00:11,10:49:49.113,2,63
639,2018-5-28 23:22:21,2018-5-29 1:40:01,2:17:40.360,2,63
640,2018-5-29 11:53:03,2018-5-29 18:15:20,6:22:17.187,4,63
641,2018-5-29 19:41:24,2018-5-29 22:21:42,2:40:18.453,4,63
642,2018-5-29 22:47:45,2018-5-29 23:00:05,0:12:19.950,4,63
643,2018-5-29 23:08:19,2018-5-30 1:12:05,2:03:45.280,4,63
644,2018-5-30 9:47:08,2018-5-30 11:45:37,1:58:29.047,2,63
645,2018-5-30 12:14:42,2018-5-31 4:19:00,16:04:17.067,2,63
647,2018-5-31 8:35:00,2018-5-31 17:15:00,8:40:00.000,3,63
648,2018-5-31 18:36:22,2018-5-31 23:00:04,4:23:41.240,3,63
649,2018-5-31 23:07:19,2018-6-1 1:36:36,2:29:16.767,3,63
650,2018-6-1 7:41:02,2018-6-1 12:21:57,4:40:54.420,2,39
651,2018-6-1 12:54:29,2018-6-1 15:39:50,2:45:20.683,2,39
652,2018-6-2 16:44:21,2018-6-2 21:25:09,4:40:48.443,1,39
653,2018-6-4 1:09:27,2018-6-4 1:44:38,0:35:10.650,4,39
654,2018-6-4 13:20:22,2018-6-4 22:22:05,9:01:43.337,4,39
655,2018-6-4 22:54:07,2018-6-4 23:00:04,0:05:56.693,4,39
656,2018-6-4 23:13:55,2018-6-5 4:03:55,4:49:59.910,4,39
657,2018-6-5 7:46:10,2018-6-5 8:38:32,0:52:22.840,3,39
658,2018-6-5 10:19:09,2018-6-5 11:51:45,1:32:35.857,3,39
659,2018-6-5 13:33:30,2018-6-5 14:02:03,0:28:32.217,3,39
660,2018-6-6 10:34:25,2018-6-6 12:50:23,2:15:57.510,2,39
661,2018-6-6 15:23:20,2018-6-7 0:05:56,8:42:36.020,2,39
662,2018-6-7 11:09:14,2018-6-7 13:28:05,2:18:51.753,3,39
663,2018-6-7 15:43:23,2018-6-7 21:48:23,6:04:59.917,3,39
664,2018-6-7 23:53:20,2018-6-8 1:50:27,1:57:06.800,3,39
665,2018-6-8 18:59:15,2018-6-8 21:58:54,2:59:39.530,3,39
666,2018-6-8 22:31:42,2018-6-8 23:33:17,1:01:34.887,3,39
667,2018-6-8 23:40:33,2018-6-8 23:42:03,0:01:29.883,3,39
668,2018-6-9 9:04:07,2018-6-9 11:45:00,2:40:52.410,1,39
669,2018-6-10 1:46:12,2018-6-10 1:53:33,0:07:20.867,3,39
670,2018-6-10 9:44:58,2018-6-10 14:40:25,4:55:27.190,3,39
671,2018-6-10 15:24:12,2018-6-10 23:59:22,8:35:10.837,3,39
673,2018-6-11 8:14:00,2018-6-11 11:45:46,3:31:46.360,2,39
674,2018-6-11 18:25:27,2018-6-11 18:46:15,0:20:47.663,2,39
675,2018-6-13 15:40:08,2018-6-14 0:30:28,8:50:20.067,1,39
676,2018-6-15 1:24:40,2018-6-15 2:16:04,0:51:24.593,2,39
677,2018-6-15 17:09:00,2018-6-15 17:52:56,0:43:56.680,2,39
678,2018-6-16 13:09:37,2018-6-16 14:04:53,0:55:15.177,2,39
679,2018-6-16 16:34:16,2018-6-16 23:16:58,6:42:41.470,2,39
680,2018-6-18 11:20:27,2018-6-18 14:20:07,2:59:39.760,2,39
681,2018-6-18 21:38:49,2018-6-19 1:00:19,3:21:30.083,2,39
682,2018-6-19 16:06:32,2018-6-19 16:09:28,0:02:55.820,1,39
683,2018-6-20 0:04:33,2018-6-20 0:35:03,0:30:30.207,1,39
684,2018-6-21 13:55:57,2018-6-21 15:44:46,1:48:49.123,2,39
685,2018-6-21 21:18:25,2018-6-21 23:11:25,1:53:00.460,2,39
686,2018-6-22 0:13:24,2018-6-22 1:04:10,0:50:45.923,1,39
687,2018-6-23 14:14:26,2018-6-24 0:43:55,10:29:28.920,1,39
688,2018-6-24 23:17:11,2018-6-25 0:05:32,0:48:20.610,1,39
689,2018-6-25 11:30:53,2018-6-25 12:11:41,0:40:47.793,1,39
690,2018-7-3 18:30:52,2018-7-3 23:16:24,4:45:32.443,2,52
691,2018-7-3 23:39:32,2018-7-4 0:57:39,1:18:07.423,2,52
692,2018-7-4 11:31:03,2018-7-4 14:58:25,3:27:22.387,3,52
693,2018-7-4 16:10:48,2018-7-4 17:07:18,0:56:30.320,3,52
694,2018-7-4 19:24:10,2018-7-4 23:59:28,4:35:17.583,3,52
695,2018-7-5 12:21:29,2018-7-5 13:45:07,1:23:38.523,3,52
696,2018-7-5 20:46:05,2018-7-5 20:54:14,0:08:09.433,3,52
697,2018-7-5 22:31:45,2018-7-6 0:15:31,1:43:45.830,3,52
698,2018-7-6 18:38:29,2018-7-6 18:42:30,0:04:00.900,3,52
699,2018-7-6 20:25:27,,,3,52
700,2018-7-6 20:32:20,2018-7-6 20:35:42,0:03:21.507,3,52
701,2018-7-7 23:36:06,2018-7-8 0:02:48,0:26:41.380,1,52
702,2018-7-8 17:57:31,2018-7-8 19:01:44,1:04:13.567,1,52
703,2018-7-9 10:15:26,2018-7-9 15:24:52,5:09:26.347,2,52
704,2018-7-9 16:27:20,2018-7-9 17:35:31,1:08:10.790,2,52
705,2018-7-10 9:04:04,2018-7-10 11:42:09,2:38:04.697,3,52
706,2018-7-10 11:48:21,2018-7-10 18:42:41,6:54:20.080,3,52
707,2018-7-10 20:40:55,2018-7-11 1:18:22,4:37:27.160,3,52
708,2018-7-11 11:43:39,2018-7-12 1:30:10,13:46:31.273,1,52
709,2018-7-12 1:45:17,2018-7-12 2:10:23,0:25:06.220,4,52
710,2018-7-12 11:34:55,2018-7-12 11:46:12,0:11:17.110,4,52
711,2018-7-12 12:14:39,2018-7-12 14:58:37,2:43:57.940,4,52
712,2018-7-12 20:58:16,2018-7-12 21:53:00,0:54:44.093,4,52
713,2018-7-13 17:19:49,2018-7-13 17:43:25,0:23:36.697,3,52
714,2018-7-13 18:14:18,2018-7-13 18:24:55,0:10:36.930,3,52
715,2018-7-13 22:31:36,2018-7-14 2:44:29,4:12:52.803,3,52
716,2018-7-14 12:17:06,2018-7-14 17:20:26,5:03:20.727,1,52
717,2018-7-16 12:28:14,,,2,52
718,2018-7-16 14:41:56,2018-7-16 14:49:54,0:07:57.950,2,52
719,2018-7-17 0:39:08,2018-7-17 0:58:43,0:19:34.403,2,52
720,2018-7-17 17:32:39,2018-7-18 0:00:26,6:27:47.647,2,52
721,2018-7-18 0:01:54,2018-7-18 1:17:14,1:15:19.610,2,52
722,2018-7-18 17:44:21,2018-7-19 1:34:23,7:50:02.150,2,52
723,2018-7-19 12:15:22,2018-7-19 21:18:33,9:03:11.647,1,52
724,2018-7-20 11:41:11,2018-7-20 11:50:13,0:09:02.120,4,52
725,2018-7-20 13:09:57,2018-7-20 14:42:16,1:32:19.173,4,52
726,2018-7-20 14:59:45,2018-7-20 16:16:41,1:16:56.293,4,52
727,2018-7-20 16:50:10,2018-7-21 0:07:28,7:17:17.653,4,52
728,2018-7-21 12:42:26,2018-7-21 14:29:20,1:46:53.600,2,52
729,2018-7-21 18:56:45,2018-7-22 13:26:09,18:29:24.207,2,52
731,2018-7-23 12:40:19,2018-7-23 20:38:18,7:57:59.600,1,52
732,2018-7-24 11:55:35,2018-7-24 14:04:00,2:08:47.720,2,52
733,2018-7-24 23:05:07,2018-7-24 1:59:00,2:53:52.550,2,52
734,2018-7-25 11:59:00,2018-7-25 19:17:46,7:18:46.723,2,52
735,2018-7-25 21:49:41,2018-7-26 1:14:58,3:25:16.413,2,52
736,2018-7-26 17:32:55,2018-7-26 20:33:56,3:01:01.243,2,52
737,2018-7-26 21:23:06,2018-7-27 0:02:10,2:39:03.637,2,52
738,2018-7-27 0:33:02,2018-7-27 0:47:29,0:14:26.240,3,52
739,2018-7-27 18:35:03,2018-7-27 18:56:59,0:21:56.490,3,52
740,2018-7-27 21:27:32,2018-7-28 0:15:41,2:48:08.633,3,52
742,2018-7-28 13:42:43,2018-7-28 14:36:38,0:53:54.427,2,52
743,2018-7-28 14:36:41,2018-7-28 17:44:53,3:08:11.630,2,52
744,2018-8-4 12:01:23,2018-8-4 14:27:46,2:26:23.477,1,19
745,2018-8-5 13:02:16,2018-8-5 16:07:16,3:04:59.950,1,19
746,2018-8-6 1:35:46,2018-8-6 12:25:46,10:49:59.540,3,19
747,2018-8-6 13:17:57,2018-8-6 17:23:45,4:05:48.587,3,19
748,2018-8-6 22:44:49,2018-8-7 2:14:51,3:30:02.230,3,19
749,2018-8-7 14:46:39,2018-8-7 18:04:25,3:17:45.863,2,19
750,2018-8-7 19:19:31,2018-8-7 22:11:26,2:51:55.173,2,19
751,2018-8-8 18:36:01,2018-8-8 19:55:59,1:19:58.300,2,19
752,2018-8-8 21:28:40,2018-8-8 22:37:42,1:09:02.143,2,19
753,2018-8-9 13:57:31,2018-8-9 17:43:40,3:46:08.840,2,19
754,2018-8-9 18:52:40,2018-8-11 0:59:49,6:07:08.977,2,19
755,2018-8-11 14:48:22,2018-8-11 16:25:18,1:36:55.283,1,19
756,2018-8-12 20:43:00,2018-8-12 22:19:32,1:36:31.913,1,19
757,2018-8-13 13:03:58,2018-8-13 23:07:00,10:03:01.093,1,19
758,2018-8-14 13:07:00,2018-8-14 20:14:26,7:07:26.690,2,19
761,2018-8-14 20:14:28,2018-8-14 21:20:22,1:05:53.800,2,19
763,2018-8-15 1:19:32,2018-8-15 3:13:49,1:54:17.130,2,19
765,2018-8-15 16:30:00,2018-8-16 0:21:55,7:51:54.633,2,19
766,2018-8-16 10:52:17,,,1,19